PC1,PC2,PC3,PC4,PC5,PC6,PC7,PC8,PC9,PC10,PC11,PC12,PC13,target
-0.8366768224351397,0.30735523850271107,1.4182527832536143,-0.13614068480488647,-0.27696022975519685,0.6555205310721723,0.4968261049891158,1.3259910247153628,-0.35985071558932047,-0.48356626214704346,-0.5138028113553555,-0.10670130205814932,-1.211910049591601,0.0
-3.527044417258457,0.8043674605304605,-0.2985868986267412,-0.7584922841207703,0.4029511833112215,-0.7614214188639868,0.6375421711088622,-1.0187276815597692,-0.05965881064602581,-0.394562344305307,0.11495214337954929,-1.1059310240359295,0.576142954586141,2.0
-2.655490575258156,-1.1146969372008795,-0.6704821309376928,-0.18946222342505287,0.5623985148614562,0.09403900776185603,0.39772878346082907,0.7457448843829381,0.5764824194405909,0.3150427604987306,-0.02403006217303949,0.014348221981020343,0.30528487753811917,1.0
1.2912404948405707,-0.6593440490790887,1.402924427837153,2.2055726814908203,0.9124732166628415,1.8258485794386894,-0.4749084277953357,0.04183651316046688,-0.3219478795995815,-0.5676584645619809,-0.289195310959215,-0.4217069862830911,0.25177366880345875,0.0
1.8322666432555794,-0.17435156361889267,0.8031472625713204,0.5020403312118689,0.25193282825075214,0.8080261154875493,1.049763565890616,-0.5894728178317439,0.42147122372557455,-0.3012796818860194,0.41641094159094627,0.39921627655202274,-0.28693060006691323,0.0
1.6255546595149246,0.18023983003562818,-0.08161927215139723,-0.23324475651895027,0.2906056171211683,0.5598946259231876,-0.6365339301622754,0.8288183077312302,0.43565563363857995,-0.29116417842668463,0.32570215108778766,-0.6789051981625462,-0.2571662376470554,0.0
-1.851516203960531,0.7476036309917241,0.31492394769681503,0.5183681858763954,1.12342538229608,1.973162077431745,0.6840966162680542,-0.279918568364518,0.8808101892456686,-0.31959848898241283,0.4355524686049469,0.19110298408784712,-0.2859315379913618,3.0
0.5384261543094078,1.391913833910778,-1.4314256517380457,1.1678764809703575,-0.801000833537083,-0.018659448158279385,-0.8709069144143285,-0.22801557474939202,1.4336232701767402,-0.21311139130188994,-0.39374696442987656,-0.08730925952857288,0.012274967914271018,0.0
-1.173409361722899,-0.023574225914098343,-0.22725921489275724,-0.05210548717834074,0.19643470426413695,-0.13313821489002273,0.36267987339304886,0.9715067381584381,-0.1672012713099145,0.6721686524362187,0.6866079908720994,0.21027917389129988,-0.13979619630799414,2.0
-0.9317384768980912,-1.052652692583085,1.7427315423634804,0.9678713847336577,0.09605081083985857,0.018886220117531494,0.4488581896905973,0.9076964727046755,0.7443266724375099,-0.30671838035522747,-1.0147481506130318,0.5072299848207259,-0.8856649150971573,1.0
0.2568370834317712,-0.6253955531190806,0.8183969955883379,-0.8633088200784079,-0.5987745809714475,-0.380825365707523,-0.45179171269503177,0.17938439415856694,-0.11999803303262244,0.731103722274646,0.6066837099721358,-0.4877407581378963,-0.3385910557666989,0.0
0.049979088904768265,1.2076223058352142,0.08286389323237742,0.6039278462856171,-0.9278559498136516,0.7918582306440638,0.7187902773832435,-0.20444997927373135,-0.1771260056388355,0.4747748961503674,0.502469038994591,-0.3142509620902425,-0.3323197708727428,0.0
-0.6480448784796398,-0.06951377196357464,-0.25874847539807494,-0.10649858521223604,-0.016629108752419026,-0.6735583495440859,0.683688254096995,0.24966197955085864,-0.7200666230538065,0.361706738685209,-1.6546700025919971,-0.3890709320101825,-0.013425604902263966,2.0
2.02430037744343,-0.05043324429444694,-0.24195673687952662,0.647323875710913,0.4613564139870736,-0.6900952940694159,-0.9133584534481934,0.456117211935673,-0.3286068637897457,0.005458013215333832,0.5216597538502425,0.26739785541188754,-0.2737580622790928,0.0
0.662658917089566,0.6933326732203604,2.5381554561527375,-0.8018711260782572,0.18601438887676236,-0.810221394160325,-0.9133675055904122,0.07330300722546265,-0.857367153377063,-0.1550027645941106,-0.7483737074782676,0.6848863851478165,-0.23927865091068118,0.0
0.9870074187056324,-0.005553982901105675,1.9371787289076614,-0.9483402865055294,0.28177916707951667,0.8793759593729463,-0.5377896043219819,0.46698654266942996,0.2034744120546598,-0.39960564895818496,-0.12013522636948915,-0.2623767005255929,0.6323561530763487,0.0
1.3988733474814687,-0.9931466688255973,-0.13689758213296643,0.578305361162939,0.3346613829509839,0.25339770422196023,-0.7862730960980809,0.8783333977726917,-0.21056087504181853,0.22235279902195476,0.4148671354138249,0.16784745909623514,-0.5046763327747669,1.0
0.6983906735585252,0.20209694725759117,0.6805729604266311,-0.044637786185101364,-0.10661816978029263,0.10623430953553128,-0.6096665483034861,0.14031755861541395,0.46465093856289563,-0.6458227121048018,0.5095680931739367,-0.37219238617464867,-0.20735945133489986,0.0
1.2349581770981728,0.5578621470153816,-0.4514877848172885,-0.005194434022060851,-0.9301369332298027,0.3514919392289053,-0.4975486588726391,-1.003577646568447,-0.4907351113810672,-0.6097989792816594,-0.12243149670374043,0.5335523614114768,0.3729816579052935,0.0
1.6634106547978642,0.49250538815530365,0.09472491706257835,0.3339294790008156,0.1686247363154345,0.07600008028515645,-0.6408924151981847,0.18739944580107593,-0.017845589567213285,-0.5286535504071055,0.41875923608207666,-0.6933807898200983,-0.24206600578025828,0.0
-0.4288238202147707,-1.0651468066831713,-0.3917348560650187,-0.21262099930071549,-0.8563725449567738,0.6925378278272354,0.830795822362233,1.2935283228041417,0.6643714008954898,0.20734412892479415,-0.47409048993483405,-0.9394926917095603,0.2914708523917868,0.0
0.33064007094189646,1.8954649332025704,0.7402863987951833,0.0016313269043181367,-0.43050037614917547,0.43721486417634536,0.625902962577107,0.030909567011116967,0.1098391382731707,-0.3779978312575658,-0.5904561882704527,0.3568118110348404,-0.9835721892349306,0.0
0.16414536238321611,0.304224507704573,-0.40256088467645934,0.7582763482805815,-0.37798065006788034,0.8845368749015919,0.6282299460731376,1.0827016587383553,-0.26079740600945145,0.1737813546520876,0.4303462568990343,-0.9601823859260583,-0.308378394321614,1.0
-0.9163969885796668,-0.09966027495376797,0.6244712836177436,0.19865208617943314,2.163580994225232,1.1445287035601381,0.2461399624175784,0.9995603464733274,-0.10938356991617748,-0.3788563227710958,0.01286836833315097,0.7619664782683645,0.7503898370381563,3.0
-2.2582105394679926,-1.293047287204246,0.028357731775731414,-0.1348079081451538,0.7615472713544755,-0.22978472711156664,0.5520575542896446,0.2065671770763947,0.4279539172909108,0.3489999649706058,0.026932338758094088,0.04194956074131348,0.35840813843291364,4.0
0.9724192515513981,-0.5739047711016225,0.07045074807018031,0.17251817146807735,-0.5419284434624553,1.6047561418157186,-0.23309518622311243,-0.4864011639407295,-0.2377108008417179,0.6680529214195922,-0.263513691746074,0.06277376023444584,0.27811829146627376,0.0
1.428573898179879,1.8909821587095137,-1.3253032682205235,0.3856293723080304,-0.5099917516421452,0.7041345366735698,-0.8518693886404863,0.11941111650204383,0.0937310114092816,-0.01604866446643123,-0.3178070531604896,0.2717667886944194,0.3720519696099255,0.0
-1.4031538370831098,0.13747871337941966,1.0788264103483591,-0.766607846665162,-1.6439970415608935,1.636194374043986,-0.5754296837571095,-0.3210581062566795,0.06693773038186909,-0.8165448950005303,0.41318478427404737,0.059744528000771596,-0.3563229585693693,0.0
1.16003611283938,0.2454611580142528,1.3793205817412288,0.843539307375327,0.33918559720632113,-0.04674038395287486,-0.5270444067803544,-0.46453958242414384,0.2669767065101408,-0.6862847246961065,0.5406629141857877,-0.39648309772818924,-0.18374307656095323,0.0
-0.2662174635574225,-3.212416982259278,0.120475898898778,0.8328370010297981,-0.7851276816826234,-0.6003308424743243,0.9446977581901277,-0.14550705335369735,-0.05248279109531495,-0.05833863391212886,0.017892041691297877,0.4836849417929592,0.03670019762639387,3.0
-1.0780745198658472,1.0086660973298227,-0.07218989851624068,-1.3734872332379209,0.7793652261687429,1.4166269562754967,-0.6325054948742076,-0.388124551755071,0.6243081330235275,-0.33633952341974604,0.29567968635701725,-0.014966126639525096,0.05279999672599389,0.0
-0.7917852213871859,-0.6236484675300927,-0.6492509539374405,-0.4042877429300944,1.6243318405005698,-0.4845606125118963,-0.9072609427302544,0.44522110005996096,0.9178762890736412,-0.08920453109168015,-1.128986824621573,0.31508492604187854,-0.6257154579984961,2.0
0.5662115615410146,2.063943159457158,-0.5056759682666349,-0.1677782465270953,-0.660304491209277,-0.057315679698958705,-1.0652391166425648,0.7188057602475502,-0.4297305385038588,-0.5884154170054225,-0.11616265602343134,-0.4772427453351741,0.5652543618408868,1.0
0.21697054789307396,-0.11201857028856468,0.3969779227808342,-0.20244292519815943,-0.3137941666156723,-0.433484988385203,-0.8557974649458358,0.7733494846220189,-0.0221324112219817,1.092320083199361,0.6079680446024074,-0.004425387369816597,-0.24846268917223432,0.0
1.9502519864672312,-0.14812320885474398,0.47783096898242033,0.47389955366046316,0.28599640732632803,-0.3285236774468615,-0.5028125224218077,-0.1211990256953554,0.44340557215587695,-0.3082321967521332,-0.9441076720781516,-0.513893908787731,0.983808285748027,0.0
2.1068912582920736,0.1038601393039402,0.8258840457079228,0.2042861637163491,0.42396333683173204,-0.6186453965520999,-0.36866078864177865,-0.44341685206573267,0.3216793489848996,-0.23634746218470581,0.46027505364369203,-0.36076516594466757,-0.15188644257396844,0.0
-0.6428352819554464,-2.750888341287644,0.5987736966278351,0.9653927513227476,-0.7021069529118242,-0.39076717553088736,0.819802617123875,-0.0006509141079237835,0.08184778711950988,-0.05312032645795568,0.04059965780853436,0.39132250902904964,0.07028427949317939,3.0
-1.7880282426397223,0.08928891395123532,-0.003610937930142541,-0.009291260222896888,-0.8875117136765929,-1.4879133909060291,0.6045964841809921,-0.5144070426871998,-0.2816188418358624,-0.08127869056170109,0.12519656857992034,-0.5974700836040966,0.23385658229428585,1.0
-1.454485606117133,0.34168795651857864,-1.0290478328764272,1.4329308018566818,-0.3770980257759639,-1.0510961692595973,-1.1521510166952742,-0.1412296464436404,-0.17703573339635145,0.25446307467545953,-0.0009046459529925555,-0.3615688357581609,0.15109600491717584,3.0
-0.5894751396944675,0.26846785882838586,0.8785667655405902,-0.5180279455791057,-1.1286669593733047,-0.18031058844425643,-0.5881181763980969,0.017946554550931137,-0.4195593333549723,0.08080246771645865,-1.672959541232042,-0.9450166936192774,-0.0009160088714831316,0.0
-2.7722510106198377,0.27323417298696473,-0.26949472213770426,-1.5130529183881696,0.6916397441750122,-0.24343180048864052,0.6441669141852763,-1.158687815899474,-0.37178869695631034,0.6970395896718096,0.8651887987728939,0.8881348367864985,0.02707693149228879,4.0
1.3561424878415804,-0.9023075497993297,1.662687597687593,0.9271647718602758,0.6925336263339201,-0.6513204546575132,-0.748183857349102,0.048377880127546194,0.5655511492639897,-0.06683712453448966,-0.28925733956571675,0.14880928005242725,0.40969958091348957,0.0
-0.8123029470906034,2.803102677615017,-0.09341208183085252,-1.3260183539630543,0.6846677458454683,0.4084367780960605,-0.9087058210177862,-0.6291272969171006,0.45165873920074817,-0.04349124914024034,0.5181988568260555,-0.37525298645791516,0.001254535202772078,0.0
0.36723899268124216,0.4455070667187667,1.489731775510165,-0.8195456222492661,-0.10081250199543722,0.6426641475811549,-0.6435791552666043,0.4218003299214712,-0.3663449399250207,-0.7841511703081164,-1.0027991119848334,-0.16616157072241758,-0.37137929980173917,0.0
0.7363509220189051,2.124492765562599,-0.9489452041534794,0.3315361086717378,-0.6022963546952482,0.0533333449134368,0.4750464855566071,0.3136899204916619,0.8463319645913456,-0.006045460565677521,0.39985095344019017,0.3766038225069308,-0.24935808295001555,1.0
-0.4531075047339815,-0.7912929641771099,-0.22707214719442564,0.4509014525755263,0.8786782387302876,1.1461281928931883,0.43000278423059113,1.4100547080219195,-0.5432961536859913,0.6990806935299048,-0.07866235292265233,0.39220764224045535,0.5205466152564062,4.0
1.160442683446523,-1.6461777812272063,-0.43882425765377636,-1.1471445717680728,-0.7493662614293465,0.4160167844584993,-0.2849794878116807,0.01542288053249341,-0.6089279810400605,-1.0817615242412806,-0.1129247927397472,0.11476455753527778,0.4113003439295634,0.0
-1.192446251920981,-0.6271400205838155,1.3408451600164704,1.0147128739334004,-0.6869829579428313,-0.14742292041520785,0.45792126064128247,0.19316880533226913,-0.6840751253726034,-0.06516013516962056,0.8818432910981238,0.3753449298345696,-0.2473483983594922,4.0
-0.6559607075174254,3.5030806703379165,-1.332554609211916,0.7406825823817339,-0.14334166662425685,0.4903074209290803,0.13316582906780933,0.1386835107438022,-0.5333320521428586,-0.5860807009431902,-1.0597559486280654,0.3953996007028556,-0.39195151546207385,0.0
0.6504675312620438,-0.42802657061714333,0.8170637508939464,-0.43281398110875924,-0.16654945777512498,0.5978551745876612,0.9447169145608447,0.6391894341726024,-0.6791463579118275,-0.49701875187090927,-1.095555837705773,0.035431141917345116,-0.5351489867238273,0.0
2.3674577749708883,-0.8033389519303195,-0.9004930402472946,-0.3900966725168758,0.876229070975167,0.5439328468738076,-0.061518101959070884,-1.1178779958732232,0.3235603581369395,0.029643422126365768,0.2640264268080058,0.20974265047730953,-0.3251656096639011,0.0
0.2636979928655831,-0.9681532308459985,-0.08238265109597263,-1.5355113379295242,-0.49293759865392106,-0.33473202519785195,-0.864438435784961,1.1527247250684762,0.4988707342757768,-0.11040956367203099,0.6111063725129151,0.7070935445154531,-0.24962703808256642,0.0
1.1092143298207922,0.07723792547346456,-1.4353652806484467,0.6348903347356638,0.610578796290733,-0.6662954201476001,0.8399154229955104,-0.21743478377865677,-0.1381086435303244,-0.743742120742786,0.4705462226622027,-0.07800701538835189,-0.1476483480507434,2.0
2.4386117519843586,0.2855051657674019,0.5600372293032433,0.15614299060015135,0.6914492705053114,-0.2997167136398856,0.8860279798071112,0.37651235614086054,0.15720365905049402,-0.15282902268240278,0.40478645120859036,-0.4205533149730515,-0.09940938534132376,0.0
-0.8672299945170154,-0.3441869190351149,-0.22030885965621988,0.004586037704393517,0.27320300752607124,-0.6951857355836188,-1.087754605566485,0.40122447434443176,0.8825136715553554,-0.4041942157094385,-0.06049736447322229,0.2422477712292659,0.25878238462499537,1.0
-2.024330900975562,-1.2557618651345583,-0.5892250321307383,0.8770484233887994,-0.5579482471621608,-0.6166919185567794,0.4432099684144718,0.05418663162086407,-0.16263404758097677,-0.20215782576619962,0.09366415303946296,0.15560881727940243,0.1666539849195957,1.0
0.36717240937969137,-0.12000394228571495,0.5724191431262479,-0.04416577419632234,0.6960385411808099,-0.22864890134053642,-0.7515958231088987,-0.025000532092826572,-1.0851172014652375,0.9425350771819998,0.03549209363346073,0.08047223302674941,0.6135993721674229,1.0
1.8856831691150366,-1.65308722855036,-0.046682957479426704,-0.01410180458364707,0.38270147684256317,-0.9451549806212458,0.811454061671145,0.4703327762224164,0.09300761267340454,-0.05801727682501963,0.5845752467188465,1.0679253643942015,-0.2106447400032545,1.0
0.3242315534966374,0.4617526401350617,-0.5955984507656625,0.0010027431312036456,0.30376934350062745,0.25914060491393176,0.7320260752140664,0.32258755117478644,-0.749715093067975,-0.43027239711932475,-0.1646117938656605,-0.2400494480807265,0.5041254223027246,0.0
-0.3584469768981579,-1.0025402371070524,-0.1347468076230774,-0.23531745032434281,-0.03483229650112987,-0.2780184793417261,0.891744280378718,-0.2123845598704024,0.25235336982124346,-1.27389871429955,-0.2785581031396621,-0.3819040379587211,0.47689188065085175,0.0
-0.416187891854147,0.0025367265388682864,-0.41436464298046666,1.3947718590860219,-1.1049232089744303,-0.3981913383102237,-0.8844202652383096,-0.5967289107796436,0.498554231559866,0.8401041680663859,-0.11159631585027352,0.46124583266415986,-0.04458491867441855,2.0
0.7922254514208882,-0.5291964590248629,1.4853624645235979,0.15649890864575516,-0.41563688135235,0.6009063042829392,1.0995295647948418,-0.7211889169392675,0.656765049216406,0.0032223705518585194,-0.8959870300297536,0.35025592500945446,0.8066199689820068,0.0
-2.5448223414240783,-1.2369254853096334,-0.4607554655334018,-0.21082372424084656,1.5503057142147572,-0.39535579365371165,0.6115536108597238,-0.2780145247077606,0.24121277437588926,0.3536049319779635,0.03277858164448577,-0.006696041534227565,0.4508354720173493,1.0
1.42718771964494,1.77759451257538,-0.25205394865230435,0.023752833020100977,-0.33150025033710817,0.38119583854655104,-0.6680623403848405,-0.33913142209654135,-0.2576147414450144,-0.08772203253024387,-1.1760175678557463,0.41229066140839565,-0.5200421082283713,0.0
-0.9194806691732689,-2.0039087903144095,-0.2810930836777315,-0.6542288062427688,-0.2580224623528741,-0.14633657545269155,-0.5376677348753043,-0.16589632640353724,-0.6360331315000063,0.19838287864287701,0.7364385156814333,0.30298320612712104,-0.3009223441987809,2.0
-2.647215762316789,0.03906137656457577,0.23411971131194986,0.8870837642384188,0.8439802173861011,-0.28992943020289763,0.24646194615833505,0.16954507647694844,0.3009508114226923,0.26452277350480863,0.06911347307000404,-0.170949222050535,0.3877997670320341,2.0
-0.45969263230161206,-0.5667837050691276,1.518081074537097,-0.17856054808969551,-0.30437385804178785,1.6105230491155134,0.8201523046324329,0.9460934961007346,-0.3016557058123228,0.06006089737516983,-0.06484992779669618,-0.45607000798538255,0.53662470787774,1.0
0.3073267737472429,0.4787947744305163,1.5074895572120328,0.2370326331028329,0.22675802849223287,-0.02081112720695083,0.21082802167454906,0.9901697997340522,-0.4292871058139386,-0.34190328773989986,0.12355353087214904,0.8359061428735427,0.6624724232010033,0.0
-2.35184659235259,1.0449703187457224,1.7797175819169573,1.9702495749151396,-0.7404955092254097,-0.32804627646080253,-0.1406074065896737,0.650265634938551,0.4515614798386587,-0.7894952440508018,0.13783054258824645,0.11951616437611265,0.13130387188306097,2.0
-0.29666184696849385,-0.6727730778230341,1.8533249580129543,1.1212103627650547,-0.28580518003838945,1.5119568738927869,-0.4675157898706913,-0.3573458212316176,-0.9256187767685331,-0.41143239130987064,0.002958030147215962,-0.6838195678754339,0.41583796044484034,1.0
0.06589636931496101,1.7442845853478288,0.6419124291826221,-0.8658715185829463,-1.045908141668681,0.7581328252775206,-0.8120898921990166,-0.2563102314262293,0.06398132101200153,-0.3929096354442537,-0.06509901582589173,0.31094759843710107,0.5050903942976304,0.0
-0.8529509170520637,0.39110145431672994,-0.8663212360447687,-1.0628374504862195,1.261735642872052,-0.43915699020383214,-0.8565323825799127,0.6643372905359067,-0.2128245581989516,1.2648240762167298,-0.39753951072080446,-0.06080502393794543,-1.029753067303079,3.0
-2.6657592048787366,-1.2522964268169587,-1.3739470572774457,-0.16500971469814713,-0.18242088544293655,-0.5313593954081277,-0.8872421686505692,-0.31147747828426703,-0.15835450421568892,-0.11061154031297434,0.056826960194652165,-0.14122974165693805,0.18433920693413963,1.0
-0.4601749107735317,0.11307824324488573,-1.4963369738442605,-0.925332302089686,1.3617290649312566,-0.07972808648371958,0.5366058992444628,0.9459675570445383,0.47738488758072406,-0.20015444598344084,0.47938469136360695,0.09987829237789607,-0.13142789730580054,1.0
1.8945790871477977,-0.7513849464818313,-0.5478684564547956,-0.20253760377046806,1.3218055436061298,-0.3152025582386003,1.1159819033096576,0.07114773582105122,0.4989643110424179,-0.15743042891250475,0.361544383400369,-0.02285896256927708,-0.08062264232949917,1.0
-0.38491712839122844,3.1583002931122364,0.14052375636007158,0.30389290377850753,-1.13966130371042,0.3936816806803519,0.1814082548450638,0.08039050642597612,-0.21498926985016945,-0.5860969564243348,0.00019998585388858459,0.38027234835027324,0.5733143927133263,0.0
-1.8884011954300897,-0.8131775013557295,-0.14182165913653105,0.9244337160768208,0.1091539071430591,0.034662187337346495,0.3219142910484287,0.8258970233009086,0.5346761296969949,0.30087111802540967,-0.03688732309194109,0.0018506661620155407,0.20715699048706637,1.0
-0.16662684519632776,1.2953478936331062,-0.27656146433505846,0.5753896463400539,-0.04472570672396815,0.7277161722787813,0.6234811472944446,-0.836970222810297,-0.4982005086706278,-0.8850890051664669,-0.030624848913014868,0.6114812253136663,0.5475791108465765,0.0
1.6107572265449193,0.34319168987816995,0.27259026278286674,0.42316394193987655,0.14201129559962145,-0.0768440926488829,0.9148772067749271,0.43385369591322953,-0.32253691080664904,0.7552926779592469,0.4169600850944015,-0.9700195237400029,-0.17564402324066655,0.0
-1.2562203824059126,0.14023602396503332,0.38757908437470884,0.10232443703556787,-1.3446944801508063,-1.6997847460392013,0.1505471235967022,0.24248984471080912,0.21267803996932347,-1.0020232025647893,0.21041829834218262,0.5795878535397142,0.29212491473666613,3.0
0.03610455252267536,-2.2531168067023017,-0.1263872721771528,1.4620982318893383,-0.27242026047474527,0.7603526924506876,1.0772183360218681,0.32327912347299614,0.7688080052772595,-0.12457002665934937,-0.3021065765364449,-0.6189417284285823,0.016314703276114728,0.0
0.3240152263678127,0.3957511778519328,-0.4083687659117527,0.1872459498019745,-1.1261211121254295,0.1626782169697705,0.9799436600771062,-0.5397200667449715,0.07135698426300251,0.6011238256554086,0.5012234557245699,0.12037786474992543,-0.3386677745908211,0.0
2.0952308904873678,1.4950384866057882,0.19945868062032307,1.4672565626018659,0.40069624397865644,-0.5611681897911615,0.6073445283849247,-0.06161146680018159,-0.7639442879455898,-0.5226030373563498,-0.1132649353780324,-0.15508728447937206,0.6429926382034051,0.0
-1.8378973805337244,1.6728867646510521,2.1968515199246856,-0.004607611847113641,-0.838723665746141,-0.754210840334579,0.005666676351534269,0.966098664325888,-0.44946564483221074,0.5319425364172753,-1.384746704216361,-0.055544117122777875,0.20071664384620425,3.0
1.6476786274651039,1.1263848688891382,-0.9540916212804786,0.7237233371662378,0.005681188289031358,-0.028094845611631253,-0.8336160638900746,0.5023910105724174,-0.08613900026984074,-0.5009830514991418,0.3611119544955427,-0.7737267561848045,-0.2900680663865992,0.0
2.0833639030381246,0.6391976907073686,0.8130099005864578,0.19505076552991218,0.4223298325136857,-0.31830638227168284,0.813917546527002,0.16384747570023545,-0.38962594930148176,-0.32343583200081805,-0.1208860289805197,-0.043686352056078154,0.6883546375616418,0.0
1.4284107591579975,0.6378646144429541,0.29199519352018716,0.07831697735173439,-0.20303211576543734,-0.42844499210801035,0.731924667984243,0.07875311350053882,-0.7063610331572432,-0.7258750715307093,-0.04242117284272584,0.008589448865358257,0.6415994880030697,0.0
0.6445483129641674,-0.10406320093346008,-0.3820270042788992,-1.078046938855377,-1.4384558413034516,0.16362901972679675,0.959250029415078,-0.6843681683054113,-0.5408637957720646,-0.8424376028636206,-0.00718541858957078,0.9408585012773905,0.45789303496894307,0.0
1.1193261576084046,0.8030484104651364,0.22351580543763216,-0.39134431321477026,-0.4867882903559303,-0.11633704549873966,0.8868245269290409,-0.4049897088448159,0.7482094008799614,-0.07382672560336041,0.48545761712570423,0.5825712381287971,-0.198151940492659,0.0
1.0733858953316846,0.6879781466856358,-0.17320265415180836,-0.05301067410029611,-0.6765269091284022,0.5102289512463113,0.7972675176470235,-0.34690240874559963,-0.1992937471030193,-0.4817798921698596,-0.12155352872748404,0.749057445261984,0.4730105025470712,0.0
-0.15561633142183276,0.8276285238280037,-1.1402383513638934,0.021050282225864317,-0.9313059645606401,0.022930699783393377,0.5758095936073265,1.1953259294936844,0.07202709603719902,0.4376580009176899,0.45488768571994764,-0.7151078694510776,-0.25212468581398717,0.0
-3.7912959950480736,-0.8666642445735475,2.373459324538379,0.10819629907588812,2.19463401718021,2.590087506661792,0.5309723684088801,-0.47953229170049727,0.8296791248790636,-0.44296486990030937,0.7546948382196852,1.205746866158645,-0.17632207262168467,3.0
-1.7043218203075525,-0.37711982445437664,-0.4551145099858049,-0.8697497466498194,1.8540793569735454,0.6160659252795616,-0.8238760409906918,-0.029472252331292165,-0.9901114146769805,0.6421854567786127,0.04535610011318736,0.015494318199468532,0.7287761799611361,0.0
2.366401679790069,-1.5879530476222121,0.18619569830917454,-0.538393021974093,0.023542188218149435,1.3762300456459495,0.1518908682791949,-0.5654595748825004,0.04699621252025997,1.242625085347179,-0.3849342374284624,0.18970891715000662,0.31264879586158634,0.0
1.0940211551248762,1.6067104249197932,-0.02980679684231484,-0.8122344345767856,-0.4536664247071076,0.6049995163984667,0.6235673815267514,0.4825222769685249,0.41072472549250816,0.14386659840915678,-0.2116156224701452,0.5639121151507036,0.5699991434259245,0.0
0.3895841078690358,-0.14718991443571336,-0.40243182284195506,0.11539887553107878,0.6610580685612395,-1.4437630142450757,-0.937506930691424,0.04665655268348683,0.7838348338901588,0.04928887014170545,-0.12365566687266782,0.21534714688337067,0.31237522997281575,1.0
-0.9605353666277989,-1.1200450984191974,-1.0032524145909856,0.2419482731584059,0.05937824999958706,-0.5658642102751986,0.4962374387701729,0.8404140861658371,0.512933703982742,0.673869414117315,-0.11922493041475901,0.07697887737834094,0.21180054351330002,2.0
-1.9548826531802805,0.6792190747770855,0.6014343562329286,0.3320365869620993,1.0340850812616342,0.7252251813551192,0.4477809943039862,-0.3678164346554855,0.21883649225785348,0.9507919187828782,0.7062826435267793,0.7615938243562199,-0.10173946714563989,3.0
0.9024390991113092,-0.23508918097209383,0.39820520294966827,-0.849215752152225,0.7631631101201003,0.1913875318630265,-0.4294563886317254,-0.24034373602720366,-0.00122894435218375,-0.5987092029471848,0.4876665366098224,-0.6264571203894558,-0.11255544237574411,0.0
2.0765227433424602,0.08248759643988715,0.0724754075464214,0.09901631523125583,0.5608850753583916,-0.3497383816932097,0.8921577258380834,0.6069554684148343,0.6836405311089612,-0.050477907051493645,0.3724894115498171,-0.11348721689905208,-0.1228035639199711,0.0
2.1772286825447993,0.22454573135832642,-0.5031806879602918,0.7213550926338524,0.541960819888722,-0.39336097321030306,0.8305148828373483,0.5461760799409298,0.5029246959232865,-0.16919184062758458,0.3495764916184476,-0.12358887306032387,-0.17742025228517755,0.0
2.825058310709886,-1.0310124352286016,0.45590257404693707,0.2809022457117486,0.6616142396299773,-0.35024155571630644,1.2341667554645956,-0.1242623165477596,-0.1764393180002021,-0.38645496034222715,0.2485958860443157,-0.08115379147233062,0.010450953769434834,0.0
0.40440977614549584,1.5156001988849428,-1.1330820038800606,-0.04350532806689997,0.1157536321219496,-0.048549774518012206,0.6829857758538942,-0.3871266515712043,0.60521392034948,-0.14021196312738687,0.44296589997592817,0.4365120194172929,-0.16410312440171687,0.0
-0.2984249446102109,0.9620933795042627,-1.895291917453927,-1.7088356989025595,-0.5783523625168949,0.6907897382530781,0.6669807954285757,0.4657311119314168,-0.21129809500904587,-0.45989431095312194,-1.129095894111031,0.8124080480229317,-0.4495519810978126,0.0
-1.0379690211663566,-1.7419776201396988,-0.3468103148614549,-0.5391105460304773,2.07463370196339,0.6031967515371246,-0.4791388102740346,-0.6919756637123179,-1.2575446579785043,0.4285964679057638,0.046525763683579524,0.23154817114546308,0.6634518919678849,3.0
1.241257131453581,0.3107667722518115,-1.4324640318392767,0.494901368626474,-0.1641381215965671,-0.5129834907727621,-1.1556523247738395,1.0123591850605818,-0.3741676406818968,-0.22837308142409352,0.5098737745883669,0.2481070126495767,-0.352388544286517,0.0
0.15476965449838373,-0.48435265805935956,0.6558499889333597,-1.209431371231175,0.666236907866151,-1.3119036275548197,-0.8162225034053171,0.24207969283337452,1.1747503118064762,0.2892559601124569,-0.08615483370195243,0.24411404946350848,0.4142332339079985,2.0
-0.13187509877493603,-0.18248893493413723,-0.1721325233168075,-0.4816195827253329,0.3137662303881288,-0.26259286922813474,0.5121709411597475,0.7139261983749728,-1.041712978851207,0.8220116704970464,0.056983312126797414,0.3825778614223986,0.6490225174640916,1.0
-2.0286112888947616,-1.23978477135239,-0.20232617912373996,1.0573711902984462,0.13471251707400883,0.6809723480017256,-1.0182784524460236,0.6859332936009693,0.6553025618230071,0.19989208963830368,-0.10438108432840432,-0.22031097222383292,0.07046168191454333,2.0
0.7590819277387066,-1.869283609559394,0.08270408392449614,0.950012438675981,-0.2531633636199509,-0.3893819373864874,-0.4902084388486353,-0.2872888805713105,-0.6944548735049494,0.41873647826145544,0.6454733563867938,0.2991619584590359,-0.4086596677473705,3.0
-1.1072495097999322,1.0469215935466447,0.05230555859891974,0.8758581255380948,-1.2459418004656677,-0.6235794645859088,0.23589706147988387,0.11063415888492223,0.720524075675357,0.9870110315065252,-0.0261024261035544,0.5637642991044234,0.134983169233945,1.0
-0.7868034742733596,-0.38818793078587865,-0.4118205219601272,0.149030592568136,0.03693608513601063,-0.41618252882009454,0.9129035451273557,0.06805343677720188,0.3109905379893947,0.1635671054780538,-1.144662501390545,-0.777181112127435,-0.6874251712912813,1.0
1.775564193039889,-0.5213461930609463,0.3936364982969965,-0.3034618904773603,0.4870531531211502,-0.009078991368226253,0.952903940253376,1.2029201987502067,-0.02694593780834907,1.3826083572099206,0.2114832538997541,-0.4767734495717567,-0.10826859422584709,0.0
-1.1881524679983575,0.002013951553438323,-0.010771297140412903,2.9147317128232206,-0.8343789874769554,-0.02367753214330859,0.3865955032488634,-0.5805233047638917,-0.04327113724205431,0.1267348418644862,-0.9565053696127872,0.8376307376663104,-1.024869623083792,2.0
-1.6339754730571159,-0.2659461471122312,-0.8435849138446049,-0.7329298892679463,-1.2802668490774034,0.5051926242452565,-0.8337016872578185,-0.6674339231259395,-1.2740555543360588,0.22733064023324606,0.16148857669054106,0.9714126739216828,0.35052977625759607,2.0
1.1121726899422577,-1.1812993127647329,0.5572284385697582,-0.19633157916409985,-0.6716622023192813,-0.7633920525756143,-0.2662265968594522,-0.7853348317599327,-1.2547906147486172,0.2516144499810462,0.6678010916595507,-0.6229335116689503,-0.40982334549859323,0.0
1.1463783796083797,0.7487967370890809,0.7611982138409327,-1.1189914083511565,-0.018371479656921888,-0.16784952249994842,0.75350578353355,0.794538159019878,-0.38677274119231275,-0.39264577553182123,-1.039832802432656,0.0760324542196266,-0.25980062680835114,0.0
2.1964526688905606,-0.6179210739261027,1.4479293530201325,0.641549150732898,0.5615631740133334,0.6147125871260195,-0.07582742336773003,-1.3709653169222848,0.8550923331431224,-0.043183237688236134,0.3905269959592076,0.4537635657953525,-0.3147744097761823,0.0
-2.7144820051480907,0.7580982903979988,-1.3907462827851964,0.3223775024429448,1.5980246896271153,-0.9352853242047485,0.0630054749210922,0.12159991199956446,0.16997462536035265,-0.8429058140154968,-0.8997111933746229,0.3955508173812543,-0.4770123072899828,3.0
-2.2542103083588008,-0.3729493315410508,0.13085755668835716,0.16977574284910796,-0.15374339292217543,0.4242672097556084,0.2873354267392494,0.9061367011791368,-0.30014730909095033,0.08714992486747535,0.7888188354660688,0.2721782639359446,-0.19638662777492036,2.0
-0.3215161232139386,-0.07353287598317708,-0.5561826250692636,0.06500620877002389,1.4328076831074001,-1.9013744638245564,0.5170588016773601,-0.3415950060789813,0.15560201732360243,-0.25688976771830185,-0.9559195302804826,0.5712261253657058,-0.4791770914558622,3.0
-3.566764881111426,2.240005907077534,-0.637327701055207,2.1015242989391973,1.5796253721567761,1.2020076366638415,-0.07631469310954604,-0.410930783397103,-0.15235424982173504,0.3948351305138663,0.7321610493031052,0.47888667561684106,-0.11912054071076209,4.0
0.7261953906124883,-1.6927403075638665,-0.9316393149444859,0.27308487614289834,-0.7363094315192559,0.5401416505939349,-0.3217934365794175,0.2667487672874136,-0.04294429989339145,0.17356299454275526,-0.98089158139677,-0.7913965326998653,0.7368415087470925,0.0
-2.653146562638441,-2.173347590282654,1.73828383838177,1.5465154675540602,-0.8253310285047577,1.2661812514624444,-1.022780267839953,0.3670617292061269,0.6126415423263161,-1.4291042560028715,0.060200476869613384,0.32244195536339093,-0.16628906180300548,3.0
-0.5508209850893186,1.362395141643709,0.18086561150006286,-0.09464512906782986,0.6270924895796877,0.6082846563869011,0.6329710358699736,1.0586441508283209,-0.3304304961338339,0.5612033322486512,-0.6566532495091297,-0.959453773670147,-0.8587107380447889,1.0
1.5834059473669355,0.28133742644363047,0.3299590249719335,0.5302347365569317,-0.163816646453675,0.5863710870837303,1.0946266293988314,-0.497771606084914,0.0002785282587173671,0.9744855998870366,0.38365235125090724,-0.2097543315090674,-0.3109809167721431,0.0
-3.740574370035525,1.5385950954668777,2.883394321274251,1.1361656690331234,0.6358771492855748,-0.062132528904629614,0.19264398588022752,-1.4655574754303995,0.29618823029907126,-0.6234090185929443,-0.6696656564935274,0.8153902100061442,-0.6292671141970091,3.0
-1.4759360420488894,-2.0164500694308045,-0.6748513785436592,0.8546496442761244,-0.058563802049458186,0.19804870202684688,-0.7804772557303541,0.18325316848388565,0.3021281095013485,0.09281074250389358,-0.08927345529119712,-0.055887678184996764,0.03496347919870202,3.0
2.380268288872892,-0.3767357010578488,-0.03920606361309738,-0.08308581857851341,0.29222584391551965,-0.1306167152545513,-0.3738178807409731,-0.032847299207235614,-0.03535735723794593,-0.38439417769838724,0.37824363018562834,-0.5535607547925531,-0.25212138493147757,0.0
1.1862144130122065,0.3289319099886113,-0.2853206657692778,-1.2536331177369204,-0.5352209884462871,0.48445906290322205,-0.4309869750299058,0.0007610985887341881,1.2069246671555582,0.21077083819669956,0.3373227551465775,0.3639280238167316,-0.31069262425388305,0.0
0.40296084921809855,-0.2328879297684406,-0.4414260234501533,0.25700844288723257,-0.5369091491772575,-0.2675633818390355,0.4346439324226864,1.0140003169403355,-1.1405232104438692,0.6654500353056213,0.028431618406358217,0.4538791634409959,0.4883319726586647,0.0
1.0699612494764357,-1.3370702438067952,-1.6073632960863613,-0.20884552038796406,0.6473566915746887,-0.5913547147766484,-0.8043709209555674,0.5359114716936135,0.15654090920732686,-0.04602516471547642,-0.8832712754947573,0.5317743402719248,0.9196865612748437,0.0
3.4665396219936717,-0.24439461270706217,1.0306488324546532,0.9730939921157141,1.317576687923285,-0.4976501723756287,1.131306680523514,-0.30433034221286026,-0.017080383510492972,-0.07412895745845079,0.3799189095146016,-0.3609031923597922,-0.10045262752522216,0.0
1.300764050037187,0.8882797720045872,0.46991822458879,0.5474372335251152,0.22579979705651443,-1.0978819883083182,0.6511905805629457,0.394430101255023,1.3003654783265888,-0.08177617464051597,-0.2720898073108642,-0.537367197893657,0.38189501832592276,0.0
1.9546538541200151,-0.4613706608631154,0.02305161619934295,0.03573627617997928,-0.38936506644943936,0.770588035067677,-0.06982563165586432,-0.9704413546260802,-0.446230540535522,0.9779106888312133,-0.2702075365364325,0.06769666442828617,0.34061756378405006,0.0
0.42023249282263775,0.6090676664539197,0.3396454944096787,0.29276989412308707,-0.6262633357401214,1.0192252426869086,0.8726384596083189,-0.09349589326787316,0.07649946801227446,0.6708788431693667,0.4458210284456784,-0.2520709802213953,-0.3286477910473947,0.0
-1.897053081011383,-1.2053003203996315,1.455744603773312,-0.8357354810523003,-1.0415383557104996,0.152393526408935,-1.0021976490171862,0.9877394082699995,1.0808517950749559,-0.3557994616326673,-0.009415268557196432,0.1950133422822604,0.037860292390223704,4.0
-1.706903931727134,-0.4348840866392979,-1.2042121077092536,-0.13533645554061446,-0.7611987046746032,-0.1427599210713454,0.3104338828799281,0.633702053785516,-1.2722371012412537,-0.19025759551795401,0.8028863128225536,0.09321373481421799,-0.26723835856330314,3.0
0.3671469166813382,-2.6504086363196397,0.40443826456412485,1.266089348757815,-0.48214007867568676,-0.8312444177219014,-0.40792438869491077,-0.7553323967034541,-0.12172175293832582,0.201445773634863,-0.029187972524325034,0.11726165765718807,0.011337532657687499,1.0
0.37092829157077056,-0.22335096644346533,0.5568067417837327,0.838477633598048,0.0892858171043133,1.193925038828205,0.8479965091873359,0.7954222612888965,-0.8077337254675571,0.11149525170391465,-1.109922094043984,-0.3786877769289947,-0.4975120809343022,0.0
1.010378402868948,0.38694508096794367,0.5233862345072843,-0.8152904949948573,-0.3394287933041928,-0.6246309629171711,-0.661346204918462,0.3136621183018309,0.938304715862601,-0.2957502570913335,-0.2596394212546581,-0.9758130728448788,0.2920777613588492,0.0
-0.36632722813028235,1.7683898760883958,1.4876631966993508,0.17129577689608297,-0.540296570435763,-1.0652503364273023,0.19679478269387174,0.707710960006266,-0.8679511752797329,0.8528670863876241,0.6642019383031048,-0.1543994352270717,0.14673283885842442,1.0
2.1615234065936475,0.2127993397814644,0.5213046333573069,-0.7426501898870799,0.5721013389293383,-0.03400231033997128,-0.4284352908476986,0.4951095098596807,0.1479836679410236,-0.07536045670595533,-0.6004420953302249,-0.5589994349494392,-1.1399426673252235,0.0
-1.2373257789849192,-0.051410716350740626,-0.6011102531708643,0.737814376680535,-1.2315268320716,0.052933688526153655,-1.252951317545195,1.0030910207596404,-0.38958526721361886,0.23358349642723902,-0.6756992702882596,-0.14858651510470802,0.7837733353752367,1.0
0.26777653617029634,-0.8726091970373134,-0.8941893838013767,0.28125581034764546,-0.527634767036674,-0.3058850242073645,0.42326049716436975,1.4440685593719242,-0.04494067785112879,0.885579836608369,-0.8143471415285831,0.21113661603931413,0.8790160127786835,0.0
1.965059197228613,-0.539918950258403,-0.918841682979225,-0.12810029202656728,-0.21512237771920545,0.12771250911956908,-0.44847145788231535,0.13878370666752216,-0.5563647122590971,-0.6660594659339406,-0.2248791930962728,-0.08214963311554863,0.4281318141313307,1.0
-2.7003937335152037,1.0238460513937861,0.2815001913017632,-0.36893839720499105,1.338661034812104,-1.2816699226060597,0.4385830641729571,-0.9211614227922069,-1.3793604290400967,0.18231334220207068,0.03368880171996247,0.14777217032218207,-0.7885204375697323,4.0
2.704471169992756,-0.21427615221575877,-0.47897901115610547,0.5044868603436699,0.47474925333472423,0.11711638398023014,-0.42473548012405304,0.07171004230075473,-0.37906589870233787,-0.3111824637996896,-0.2970853552123084,-0.18087571188187837,0.46915215324330384,0.0
1.7914376190505938,1.0770627023800239,-0.4286249616307884,0.9573812116551906,0.11116488751042068,-0.5287941622805717,0.6113778867487506,0.27690341266274954,-0.33451647800684137,-0.6135405669017552,0.4680772624444244,-0.48492628369376456,-0.17183224182674073,0.0
0.9777819400287915,1.1110301222258603,-2.3436620631026246,-0.2292440750749804,0.07837741162699866,0.9205357675289306,-0.705371859074597,-0.022212002642220008,0.054070224456622615,-0.09660368341917054,-0.3592699061103525,0.3553857761640955,0.3935066608242105,0.0
0.28716065388080586,1.1158390751489755,1.241321569518506,1.0449345349968282,0.23374892429164973,-0.2798826367738977,-1.01050344673229,0.6146096628666451,-0.8781838896557044,0.9110398325635993,-0.47654244674947793,-0.2616077610536077,-1.0082868388074369,0.0
0.7308453609634298,-1.0356138567741966,-1.584972437955325,0.85727899005619,-1.292592764009019,0.26060718926703585,1.21291461900382,-0.970143815401075,-0.38784994565781805,0.11837308531246381,0.46489228840834274,0.3805140796817026,-0.5182826602288847,0.0
-1.221612866351001,3.936571080560615,-3.084684357222151,3.4663103033839464,-1.2542118228167665,0.7797585461417731,-0.6676322565541701,1.4803601908383623,-0.9872981786818369,0.6008567684189337,-0.11120549783222222,0.5720388207116553,0.21089057528219368,0.0
-1.3981581493860442,0.7529512168515441,0.715502520022718,0.6964867304865212,-0.05495621776367808,-1.5883944403253958,0.28905746320240944,-0.130730272980973,0.01507242420108909,0.5794143636126378,0.1307921813947448,-0.1814409242398826,0.4192687221340683,4.0
-2.229317276401113,-1.0985193496785737,-0.8811635191729594,-0.26995987541963845,-1.036860978751938,0.15378539098852914,0.7064929662722484,0.19418092189220756,0.47089037997622507,-1.3961713238727682,-0.10520319644808385,-0.38382998210872865,0.0530957086947515,3.0
-3.4160263875980266,0.6063407498934016,-1.6832562397806372,-0.3157252979211645,0.6252222384193009,0.6104503687515159,0.5436268046978072,-0.15375764204904516,-0.5873533670061066,-0.5788190733134162,0.6898616734272214,-0.7874265190251319,-0.037258832787062435,1.0
0.20945425932265455,0.43867787985993634,0.5615659709111522,1.5445114646526192,0.19040289723312737,-0.7784924608353289,-1.2199250424004573,0.5064049860114765,0.95170192380084,-0.20186988527440736,-0.10917921685200915,0.12746428886976427,0.19482851984824512,1.0
-0.11811072351224264,1.0892105923601638,-1.1820113425943821,0.0218288186859152,1.6800915764867717,-0.9656531223160087,0.20998450433704452,0.6609036080397397,0.1354071714891937,0.1370150965280733,0.5984457931771241,0.5417365531716324,0.05187967591316767,1.0
-1.191395757041532,0.9653160480626816,-0.21557629213387308,0.4026304979212261,1.4516434377414533,-0.3682758136047992,0.28921504662714337,0.5518591551420341,-0.18526662389898144,0.9875523103200329,0.6633323669409135,-0.020645897788396567,0.023467123015832037,2.0
-0.3731899572023553,0.469978988490218,-1.0131479883946335,-0.6470452588590826,0.3638598683905926,0.3586294352244941,-1.2674723462581607,1.336057269199714,-0.33073724290088435,-0.25143406040100114,-0.04855112536805861,0.553805042466428,0.5513153614516167,0.0
1.999823124667084,-1.3866076286951838,-0.6004756404379729,-0.3779431810625077,0.3324000324172314,-0.4817648906467912,-0.6226645670101945,0.6586868625668489,-0.470596021712383,-0.13237369406319083,-0.4632699730155643,0.6074682888475518,-1.3103581442070436,0.0
-1.6205435591623216,1.7209116578478127,-2.004218612942761,-1.3002103992552365,1.5717834384534548,-0.6523360773825155,0.35405676043717127,0.6919688505944555,1.3921628394228134,-0.15359812312916515,-0.2809288243320064,-0.7777641678224918,0.6200328993117636,4.0
0.9358888402834815,-0.7507813507380976,-0.37706343894465855,-0.07278123443462951,-0.5848137911424631,1.8316227967855647,-0.25040270391136543,-0.11058412500158354,-0.06208896034675583,0.7415348746086637,-0.3222356898773983,0.08364206067010052,0.24413349620161862,0.0
-0.09225140306141758,-0.796812562843696,-1.6716782934366456,-0.10284211124620095,-1.5219758525948233,0.8615763833547448,1.0288971087378294,-0.002995137207700671,0.15672502730715185,0.2736168246870702,0.4222799267127234,0.3186163917405811,-0.5054885560876028,0.0
1.1967591096664427,0.5117537357682322,-0.6390815898076437,-0.4976510820620069,1.9416858106315769,-0.06353010374932314,-0.4204163512377921,-0.476657390809218,-0.7179417438361799,-0.3106591729982766,-1.1667805608884914,-0.26405611754425884,-0.23129239205928792,0.0
0.8171998331264967,-0.3692266907461229,0.44195586352581717,-0.44314495665152887,-0.00630343641440094,-1.2365886135103634,-0.9209706295001114,0.7087960112007105,1.2296151221285783,0.2922833784854193,-0.15165392861339122,0.27100233059581935,0.2674957340571301,0.0
1.7175104461936082,0.41209618349914057,0.6043802687793456,-0.6303242815304425,0.029329133184610084,-0.015795923691696273,-0.5440657847398519,0.16469484375304166,-0.2567764453547491,-0.32678875805993135,-0.1514334932875867,-0.2649280624081456,0.6007978582104924,0.0
0.445664660571267,1.3390087056373838,-0.66722911628285,-0.026027282020910453,0.17021498905151788,-0.5082525864538753,0.725865788278679,-0.618831911771345,0.6245746544313986,-0.237187112600173,-1.2185950808958423,-0.002624056456187379,-0.6788312715736634,0.0
1.3041121696456592,-0.41546232210551015,-0.20024254443432327,1.7454661984137625,0.047379151241460596,-1.995337974430943,0.4776656282498267,-0.2173115240297228,0.22161000769461517,-0.37100715701944387,-0.039688677455030574,0.6047964737464441,0.2338829117671798,1.0
1.712667150098634,-1.5947834176170055,-0.3117094998034675,-0.8989308193280153,-0.884176968714226,0.5575063801734204,0.13882809473102736,-1.1063146603398653,-0.24812851741112577,0.7044524175538317,0.38468900288605157,-0.12302395071254027,-0.4678972895347755,0.0
-3.093670353237497,0.16767387866153474,0.9521816004692112,-0.18345326783741928,-0.8583728428683457,0.19575507179556273,-1.266727587381351,0.30058541023420704,-0.5228031741803497,-0.16813431093555803,-0.4299423735694462,-0.22483546193362028,0.9993254991045266,3.0
-0.47819749586233035,-0.5987478486453236,0.28186938050307003,-0.3674528810838746,-1.2280771620547215,-2.032138259124206,0.4136207753184096,-0.015494840220800332,0.1763970764421641,-0.8094571539091913,0.17571219585966535,0.7029346107288653,0.2989976121659107,0.0
-0.4690366718986756,1.2619055371613581,1.3966827768382706,-0.5501467694587985,-1.545161001482018,-0.8191344279479845,-0.47488037380559156,-1.3811923678057594,0.7967549840410575,0.8078016816186607,-0.06920450354974561,-0.5824015323600336,0.24119519745807239,1.0
-0.6558881583696801,2.52264260423193,-0.860775178520947,1.4980887566459746,-1.1764460742922316,0.49779348091875675,0.364936731726803,0.11654950375067813,0.14748206900188174,0.5156878756371014,0.4886984758831837,-0.22672885282300168,-0.348967910187436,0.0
-2.1448301818837043,-0.3044422240760235,0.44167889247540143,-0.9135354368831848,0.6635465726363095,0.1717474614822181,0.7235948809330432,0.06785793511694313,-0.2754560778240872,0.1887448010828089,0.7468318360622876,-0.37092925953813505,-0.10770429565330639,4.0
-2.448589482052486,-0.5669420547776506,0.06221418747056553,-0.019479266142397894,-1.2897250293373297,-1.4341731676601375,-0.9262673917018384,-0.8991645102748878,-0.6053212589985235,-0.3231585802413778,0.26181334641988085,-0.14731655171183636,0.21622540048906835,1.0
-0.2347967782115903,-0.7474414090635685,-1.660844455362806,-0.9538301661620119,2.340462454220539,-0.8121340194233687,-0.6343476045411344,-0.4093798655680069,-0.3873283115590882,-0.1565124902749196,-0.3712252061918757,0.6567956011238083,-0.9843524965007803,0.0
-1.9136045196216338,-1.8985879675877504,0.3077355696869885,-0.40335126993254833,-0.652556705604173,-0.38837796489765997,0.9016854108732302,-0.2648640768030792,0.08805906422392469,-0.2898530091797049,0.06193074378884156,-0.33809530889706063,0.12763308093548487,1.0
0.6874725518462725,0.5091959040566355,-0.23953690529515786,1.3832605211159636,0.8947666819458537,0.6409868569888464,-0.713003514169261,-0.4531194982603963,-0.7653813004548393,-1.0672921124640815,-0.12814181001812652,-0.3331796765085725,0.5275905289719652,0.0
0.27152449626966096,0.9270605689865214,-0.6881253037100151,-1.0160094181004697,2.6339405799632765,-0.2173868552848733,0.8746228172654135,-0.3449878847048593,-0.7057184257951767,-0.3040175864375807,-1.085433563117701,-0.10845410885821147,-0.008185663516607433,0.0
0.6971933868777771,-0.08262288781286621,-0.18873798263044544,1.1172899575247714,-0.01686789000569311,-0.7160355701186992,0.4920477749704053,0.7381813133694115,-0.3476917876111255,0.9226552472689687,0.6042479903114932,0.26543714769933413,-0.24411246336651474,3.0
-2.156374178549739,1.7117780997105834,-1.5080078428104562,2.269297178368312,0.47931410234339894,-0.32000350728965343,0.06330901001766141,-0.5727543880044699,0.30051799570908266,0.6795505566158481,-0.0627541599183381,0.3577423566675364,0.2084850548378009,2.0
0.7649092593916444,0.7234701876660312,0.7608995197184564,0.258648897806263,2.10189935921039,-0.29776994361117903,0.9135831330707539,-0.7228678203007188,-0.3164077501180709,-0.49583207029942966,0.38907906406588555,-0.4617782899656182,0.3083377899308184,0.0
-2.0702865975621676,0.8465200745404876,2.9549509890198142,1.2884047641753322,-0.28976165852617525,0.8654266598333051,0.006397132167650352,0.9315964761595168,-0.45155922485610656,-0.8481745383654196,0.712157573554127,0.25799956483028874,-0.09595037022567773,0.0
0.3200268567387649,2.42288782721943,0.4012978346422328,-0.07710460568148822,-0.7817151765203961,-0.3511361101263789,0.5125221106005321,-0.27547452245220416,0.645192165960306,-0.14214769604025151,0.5722763568453331,0.3482720801262331,-0.12904451978769688,1.0
0.6490731867370649,1.0438456449294686,0.09702701680081866,-1.9876261964835664,1.4240944225498329,0.6016786541230288,-0.4083657076202649,-0.6493612125968163,0.8594678555942332,0.4601849047436578,0.3602904655184226,-0.15517376359770021,-0.012739323727774976,0.0
2.0317195267782977,-0.339953483660113,0.5867293440603983,1.0062482615522668,1.037238578944025,0.15576941836057495,-0.7415993730372995,0.7531437443371402,-0.6896087774647361,0.5518054378486575,-1.1789053175638138,0.5578739937796219,-0.6340321830230885,0.0
-2.340597725475364,0.5890260482707573,-0.09164948313448808,-1.7964858721724906,0.7011778956009891,-1.2947782539917192,-0.6873824672368105,-1.1285823614865782,-0.47372194566161296,0.34421008559340033,0.08414038321368766,-1.3336988874682745,0.4560100868242658,2.0
0.34904615346467066,2.9249770027814104,2.4337517251505663,0.08094883992159276,1.372561292930117,-1.50509335981105,0.037430930549065,0.17007879194083503,-0.24013790324576342,0.3174238428154216,0.833297558748417,-0.0013039471888719734,0.2663983059156919,1.0
-2.478839467917116,0.540140283075576,-0.2654327668783467,-0.8407147272943858,1.6957422203369832,0.5345768155675296,0.27147350929380853,0.5842854099230272,-0.9148447531681831,0.5742886632712215,0.12958941095734455,0.1424852608981629,0.850510498522355,2.0
1.8983864416535288,-0.2903086664492087,0.41799312472958666,-0.828700775193677,0.007797144058226874,0.06816877585334744,-0.40169806968665367,0.10538730068543845,-0.2726899574823982,-0.3839291758301254,-0.17096553820301164,-0.15177862718661786,0.5617985317124062,0.0
-3.391798878504785,-0.92028796153775,-0.10059558438896841,1.595130421044806,1.4828447848472637,0.2751318206279676,-0.9513180597917242,-1.073773528220735,-0.1994032263955283,-0.39374092425498175,0.10590846192613212,-0.32581829843295795,0.2797500293471511,3.0
0.27582452303650945,-0.7317955302516365,0.2339527676099165,0.8822542790821599,-0.4846823179954498,-1.8334010610703615,0.6853648454922295,-0.08650994406829104,-0.3170286947407528,0.5957280702415091,-0.9373420452396859,0.23067862134636644,-0.748019620024694,1.0
-2.7809879860520432,0.49720297587170337,-1.1880072872634337,-0.7178074274652969,0.47155890578627757,0.7151430890450015,-0.39041956316080106,-1.8712988752883706,-0.6692134206733782,-0.1764732461388102,-0.29766747628936796,-0.15010798964394131,-1.1488159448842248,2.0
-0.8252532963833528,-0.38922881864114456,-0.5293196015077919,-1.2094685592950978,-1.8110980045888665,1.500267766486367,0.888259869585684,0.3329975220485226,-0.3521143899806568,0.15538872862627862,-0.08741118729731034,0.3802455724952456,0.3419460916785102,0.0
-1.7560368672004576,-0.2999794581748494,-2.684548885185059,-0.2105907753126391,0.03354397957993435,-0.15433072442539011,0.6929104151507216,0.41855478937360413,0.45950236046646364,0.04107380395735537,-0.2613862217666175,-0.9176257947439086,0.2527888128188691,3.0
-1.2550422309098792,1.2234450503554384,0.7583409522903727,-1.8022559752231617,-0.4980085059114254,-0.47169095165250097,0.7786301002764133,0.27508536296544195,-0.9052546353898259,0.2110002238203897,-0.3930868903406559,-0.8287260075680682,-0.7436679383429101,0.0
0.659388821337223,-0.08069666664991745,0.30457385430937006,0.5632320548292838,-0.920612814166369,-0.6106145817348285,1.1310153365823588,-1.1561671560628093,0.7442349502901681,0.7712112292743651,-0.21086283923849303,-0.1309126141168455,0.1530635203109117,0.0
1.5014876658081338,0.11027559029272763,-0.25620254076836424,0.1327200667033967,-0.24710715695944946,1.0007248289336126,-0.45895556272725513,-0.409338828289025,0.4503772416488526,-0.30971856186640223,0.34215206293065614,0.11425544329844114,-0.4181186149315414,0.0
-0.16937031508126998,1.3884108401741417,0.7052578878354486,-0.7312855622102321,-1.1772220558617517,-0.868190364120922,0.54402026552477,0.08323262524421143,-0.6573749951826298,-1.1362471555935807,0.6050571321044265,-0.33841989543713524,0.12934174829903422,1.0
1.561414963170253,0.18471827325249643,-1.1042537412887639,0.11864973470551361,-0.4203751468102108,0.1510947864702836,0.9318901167081939,-0.15318867743537917,0.7238305981899709,-0.12604663964028745,0.35582716974975825,0.6802061653177158,-0.33608696074454675,0.0
-0.47372324299958435,2.878015262768227,1.0447129858177389,-0.11941481503331308,-1.2883845778578948,-0.9861423812819263,-0.983221087755826,-0.9270350590788171,1.2482533738792674,-0.1908714846542644,-0.07443228325562068,-0.2814491301656765,0.31020825630159654,0.0
0.8474727425057356,-0.31843918449909236,1.8482959462235007,-2.0685635528842914,1.3010267900124812,-0.38599211902289854,-0.6497186933964392,0.3929793127170699,-0.3348480914813031,0.3480892289552495,-0.9092700861187617,0.748518551507767,-0.16289371149109594,0.0
-0.1725024646672804,1.5423783886388829,-0.5034568582119556,-0.3757377787138211,-1.282505845083611,-0.053277326429709726,-1.2613807490138285,0.12413579834041366,-0.49730792243681354,-0.17823198843192112,0.07346599157329792,1.2616176100740137,0.41384269434160625,0.0
1.8953660770799876,-1.261130755706933,-0.37596513550745075,0.18830987542354005,0.3138803667637149,-0.7912294593028601,-0.6447168660647347,0.29228963825082355,0.09243408516254534,-0.006886290927498054,0.5249679657218356,0.7397336928122424,-0.3040267267612767,0.0
-1.2696115732890227,0.4192384974299582,-0.8372452601220487,0.8353775146518516,1.7196926858242303,-2.0383076435159575,0.5377817377393389,-1.2172051145876082,-0.43640226250440406,0.67927920206078,0.06773792259043232,-0.20804119778418065,0.5532075032056698,3.0
-2.5627427160410563,-0.945685243589227,-0.3305411156420939,0.7931692134521826,0.7221604646905921,-0.04457930469422999,0.3931264178555567,0.1804190573613939,0.24291790132741672,0.07292141459175576,0.033392526438367987,-0.007595623987287553,0.29602322157163585,3.0
-0.6528002323703304,-1.1928869905573876,0.9873443066835591,0.165323094254011,-0.9694238958615502,-1.380199042282112,0.6496675498429504,-0.05113429902990191,0.039255593093902,0.3601525582324526,0.12129839350506244,0.1829135670896401,0.24738326609420358,3.0
1.301887861567452,0.5749926279283193,-0.2516631411801824,-0.4159435202871112,-0.3545683860058069,-0.20471285450797613,-0.6711070554983934,0.268201087195141,-0.11822612069466895,-0.5969647471484418,0.46706050379752784,-0.6643718490778134,-0.22847252096491938,0.0
-0.5740775579130142,0.5375476582404364,0.8089283040533299,-0.062102667035508,-1.147881780882648,0.3637744467889582,-0.5145127273370396,-0.5726615627773913,1.2903731633869528,0.8017314775786683,-0.23566507275805745,-0.5351477607812877,0.10569226670265197,1.0
2.7590620506656034,-0.35390945919865635,-0.0012763998414448557,0.18286160317777966,0.0842541396003186,0.4627102352444493,-0.15198645474373818,-1.1363347131748769,-0.14135255573059943,-0.05727546402393986,-0.2750134549306037,0.6056510323239663,0.38758711804017687,0.0
0.47899705217394534,-1.8102166624913152,1.211608569976547,2.6184690819116296,0.7866137094260048,0.9070121098428072,-0.7097476914951122,0.4432024340205294,0.3578431796196563,0.559527859672097,-0.40642781001749434,-0.32711237247809566,0.16444511016736174,4.0
1.1125938782381914,-0.7916365154016669,1.0012375260249713,1.0242279041359066,0.2158146196242693,0.8653551885689594,1.0466239456177766,0.09451419660989185,-0.7750765728741452,0.19332152422256277,-0.12774812825086057,-0.40678286398549424,0.501970316042146,0.0
-1.932663956509811,1.3901953603334547,1.7074249190019015,-0.9977058866215613,0.8517847345564367,-0.6650888482760597,-0.8365787343204913,-0.9625999903336133,0.8295503570740757,1.5358096651757414,-0.9268881976830833,0.20833496859311404,-0.4909102792526615,3.0
1.2181812735468547,-0.4246625530498571,-1.0069610263332285,-0.5892680320337803,0.7014767586001595,-0.18504259398606335,-0.3888131904358222,-0.04523359225769047,0.3891910957860272,-0.35576834512361677,0.3771764464098072,-0.3051308097671954,-0.1795564249338335,1.0
0.17035829638022057,-1.0735963659995766,0.6195446319103703,0.1539429422177908,0.05891315550266772,0.5930414829161796,0.5875346683529217,1.472236476301951,-0.23042442942991195,0.7998524002767449,0.40548947288428283,0.20440460467282154,-0.09493906516412803,0.0
2.625346941514299,-0.5358982159277947,-0.6970710265285562,-0.3499154248340663,0.050602284810308845,0.6898313944233443,-0.20517703282639965,-0.41133747812861277,0.5807197446340228,0.12120053888091457,0.2308605895757545,0.20842942938523454,-0.4161638859793086,0.0
0.6657572502414044,0.07862381631224703,0.18229345495529606,0.5089277203657562,-0.9734443816026652,-0.703958115600105,1.1026093111195399,-1.1174222958288702,0.7335581934805087,0.808122561947443,-0.21295169235719058,-0.14975612489297105,0.15944029032043483,0.0
-2.0269630721936585,0.5335967487048568,-1.2696028728175806,-0.19029067172548442,-0.12160716989264142,1.1183918924461842,-0.5444523922459373,-1.0876485597733059,-0.03813354412599225,0.10323969924202185,0.5361640138966177,-0.2633015760172447,-0.30493289125855244,0.0
1.1121112460272402,1.4174332710901596,0.1557518398912594,-0.08994684154281093,0.12970030058308618,-0.44165527075291433,0.5464001730144898,0.9536629600756401,0.7077392357214732,-0.10320748842537204,0.4491594340462316,-0.30275950638701377,-0.06081771631931493,0.0
2.123773445539145,0.17461810261245556,-0.8252033487429804,1.002644536540393,-0.16500881637922687,-0.08817655719296988,0.9063875176901275,-0.5253928628005637,0.5950116532394134,-0.08757976132741281,-1.0130467107021126,0.4867603591515999,0.8608257333407345,0.0
1.7410467096137505,0.6884758112040069,-1.2185512794740228,-0.04787196793234008,-0.3536333856938934,0.7133578191900427,0.7717103411160352,0.3299710801477017,0.17146200431250821,-0.03962837474650023,-0.30879283281435077,0.7191330603246384,0.4221319445734031,0.0
3.246121379728174,-1.0319862762260952,-0.9354725097367502,0.07280806157913884,0.33889451709476404,0.9401278240822382,-0.0781822141617043,-0.5243026762236751,0.21775235516219785,0.1863494009137095,-0.44579560590905065,0.6801559217257604,0.29781372277606544,0.0
-2.4828956801378492,-1.4141631402849442,-1.2185907232779503,0.5542770992164012,-0.11330000074686188,-0.7133492961860088,-0.8185045449580964,-0.8877023363775105,-0.5107665678361581,-0.3599295645713657,0.10713469253510555,-0.10212831029857963,0.16083759935010722,3.0
-0.8431965335381353,-0.04898753253233709,-1.5660886932227933,0.15491144554913033,0.8754398340958189,1.1604133022735994,-0.4448253087716634,-0.39146701448669297,1.5374308669589207,1.0452772006849367,-0.48907193189398307,-0.5896638621572514,0.12473331389521386,1.0
3.1273203509316225,-0.438156282957318,0.33988141393954063,0.7852312860156265,0.7521456492057378,0.7446778434230983,-0.13518412479994218,-0.9685436736877298,0.5099832524242561,0.14022741376857423,0.24494479831800797,0.1488565623348924,-0.38326947095475106,0.0
1.5922927873061172,-1.1868232911550853,-0.5492540945642415,-0.4648198624017968,-0.32652400679934035,-0.2863789531934299,-0.2694348295255845,-0.16094490243038095,0.1722495390747288,-0.6906145801531611,0.4442223496955734,-0.10798592137221691,-0.3075270788757555,0.0
0.32887484189431965,2.345934376819061,0.13531899354739496,-1.210110526441105,0.1642868277137679,0.5560973572047654,-0.8033891342039169,-0.2564809032086648,0.30586725766709955,0.1967613541804048,-0.17114201074769098,0.13750494528989762,0.6594962464800778,0.0
-0.5631253682094639,-1.6662380154694363,-1.3771435617291137,-0.7921848349498001,-0.8414954759766098,-0.9536509975003312,1.1575791704219207,-0.4269488238716256,0.08833593061154972,-0.07978504034073565,-0.13431017359163933,-0.6125086683914203,0.222783526168832,3.0
-0.409367794821665,-0.5753304920323988,-1.2924224480754734,-1.3913502801659288,-0.2795503144001259,-0.65748369698121,0.7651109599141063,0.6255313380016898,1.1637721265140957,-0.6512311922877072,-0.22841689986685765,-0.2826229910317548,0.33323160689733533,2.0
1.3449399048215107,0.27746978496078184,0.6427730155779594,-0.5968264592325444,-0.4627379066159675,0.6216255802497677,1.1237276423166496,-0.30124743613018945,-0.18074164674827428,1.1325611541945488,-0.18862826390627352,0.21074601691897119,0.5187593901070846,0.0
-2.483906384072205,1.2335392039615711,1.6999102989855457,1.6694786745971923,-1.860470073333477,0.3957368028143682,-0.1445502423906534,-1.4904554377555193,0.34176341341993977,-0.5283329485651383,0.11704089214365965,-0.4418812677688613,0.10372773993226297,2.0
-0.2518321084949006,-1.5355894434013244,-0.6496277384766259,-1.8020874105893134,1.8492680244962925,0.20636643917113504,1.243791114569255,-0.9500765132840051,-0.8181070862361213,-1.0373948125780108,-0.011621718336769726,0.20335321023354938,0.8433129549049327,1.0
-1.0430376556556316,0.8933247714272702,-1.700157921065723,-1.4780231216865174,-1.0842354874856732,0.0428910492649264,0.5199112995410945,0.20807014941986154,1.0231478078112657,-0.5670797816109261,-0.22519302824871312,-0.0035126424962074465,0.2168981078614306,0.0
0.8859464629226605,1.0799388427883354,1.2186298404827578,-1.4185033039758732,0.3381415106892639,0.24528387285810296,-0.3847590599585805,-1.249720887508157,0.006514500666411779,0.028007534593258263,-0.0741640883912954,0.34330330765660555,0.6924895733763756,0.0
-2.4427094606833584,-0.9366989091214541,-0.9458669902755248,1.090425783648873,0.28971374188437565,0.4156757816778466,0.7832126639782965,-0.530753137855777,0.0991130760931352,-0.7175935953224379,-0.08457673615004324,-0.8438131416036299,0.2293517085316843,3.0
-1.6466402144024452,-0.6395326454492467,-0.21537607901428496,0.7431740862678472,-1.3920914041501997,-1.0428572995148804,0.2918539578059574,0.47204065873641077,-0.24128403967336695,-0.9879672203760602,-0.8678023015754457,0.6005077267895442,-0.9747838656541398,2.0
0.703113814350071,-0.6582061322538858,-0.24850310738199066,0.7019731537684136,-0.110834844972297,-0.7916024987045831,0.4534050695119667,0.5393576592227705,-0.1814202888178645,-0.5515138747662314,0.6857618542406472,0.9424413079991463,-0.24334418035003513,1.0
1.3590851754113735,0.7405395613977093,-0.13067983593453375,0.22003873047996653,-0.6925975313421768,0.31784858249964554,-0.35082162913800086,-0.8807198878731356,-0.23817802541605823,0.8985560436533894,0.4007082211653018,-0.5023705705604615,-0.3815620857572977,0.0
2.0871821084254214,0.3264936406665583,-0.694833225222381,0.8089845038723193,0.012349150827051458,-0.35807875735586403,-0.5767605218113067,-0.2152624293060595,-0.43500299212080673,-0.6909105072332022,0.41796725146466474,-0.6257144990867507,-0.3009860730757968,0.0
2.2762770608574816,-0.7926462457254292,-0.6943539478876319,0.16151304414746037,-0.030212874250165778,-0.20220190442846828,-0.3373264557239908,-0.2519202436908814,-0.3601266631900426,-0.7184499903243693,0.40102315986709536,-0.45123018841568185,-0.3317348279867498,0.0
2.0847607881151444,0.9126915894924768,-0.6381798640849814,0.9212347574942151,-0.2960913309456729,0.06511262937036391,-0.5000210072108955,-1.084398074654921,-0.1011342596044202,-0.32301558648701667,0.3878280767192147,0.037194367106138354,-0.39267448442803865,0.0
1.5325947069694983,0.7238668164510627,-0.32567920339513157,0.14821912030056988,-0.4132807128937098,0.02362615483015787,-0.45280425566561333,-0.801335765932728,0.630327270217581,-0.07644367292569627,0.39755289274009376,0.3282438194184383,-0.3355370065310167,0.0
-1.3959920083029893,-0.3050560490575094,0.11865462846253894,-0.439998467009021,0.9533823145896134,1.302403213417475,-0.45993464637368453,-0.10497135282662562,-0.397647953138734,0.018626190398073547,0.3529652209411843,-1.1224440801113784,0.03458531919645097,2.0
0.27351745430417373,-0.847654678573359,-0.5968515934928361,-2.2867374463136843,-1.8107506041077057,0.42858252159586385,-0.2337859439013903,-0.7230240869024502,-0.690326989084779,-0.9695776394401464,-0.9837270796143865,0.9299243278059253,-0.6206826617531804,0.0
-1.6441970000813175,-1.2482018291127268,-1.1763089585831743,-1.3478595612010944,-2.5610031618258136,0.0836996431634289,-0.4670225977445096,-0.03033397174349267,-0.7738097199627496,-0.8095757052293897,0.7150011716102254,-0.5316791151174142,-0.4393303828637528,2.0
0.6871710641944269,-0.7671454769134323,-1.5300553610848089,-0.6137845419949589,0.7135107782444987,-0.3852679077065806,-0.8569373613603894,0.8747517151006255,0.3497069423824406,0.06716559578549634,0.4731258384106012,0.614301232745279,-0.23845545609156293,2.0
-0.6212967810706587,-1.1835123411517068,-1.502223562390146,0.8458900215848527,-0.5133747595251,-0.6434528944733338,0.9841546927812217,-0.5725208115002604,-0.08913019963289533,-0.3298913416112461,-0.1523305352001182,-0.7090160419812244,0.15403555998466156,1.0
0.163581869699696,-0.5807254709284072,-0.1519358652971725,-0.41307462408703466,1.973413754570503,-0.28865048695533513,-0.7606220800479785,0.012257586216405048,0.29948822828447896,0.050468522651165734,0.57308533032176,0.4945310152558128,-0.045514552397115104,3.0
0.6494402998638715,0.20606664531046495,-0.03252847417205641,-1.5080864181668718,-0.5760876726837246,-0.28322675278604126,0.7681036424794727,0.865290619444039,-0.22986118129514124,-0.7436782374878991,-0.40329656838310535,-0.20407806558756045,-1.1009877180000245,0.0
-0.4773460313257632,-2.0503709541609076,-0.4680211556724075,-0.14233380323093942,-1.076661083000396,-0.08674303614797611,-0.4628642477346863,0.35927593736680885,0.5165218657297289,0.2154651318065403,-0.18688145730248018,-0.565245483967785,-0.10810913557123544,0.0
-1.936273684410116,-1.0576667233130097,0.6062269479820993,-0.5017388925439195,-0.5707204460004403,-0.20686803027505615,-0.7669211683839036,-0.3611892268495436,-0.8035620685678575,-0.09896749888659646,0.8934599787394752,0.1703421651257255,-0.22831156620578077,1.0
-1.7073204054136633,-0.643148220917,-1.0814892219722332,-0.6803697696961306,-1.0705829331952754,-1.3436965914515417,-0.9119063964033451,-0.037387688085232934,-0.1031657753495126,0.2945759037495077,0.057726051168798365,-0.1603191146586637,0.19184119759118845,0.0
1.2111031905934422,0.9680669562580375,-0.827138278867351,0.5313286010479079,-0.5381384542071062,0.6805130822660326,0.6829871266062619,-0.07246578685628513,-0.14716003937705666,-0.43136764182740506,-0.2003208597520697,0.6943368252091946,0.4190705783821048,0.0
1.4483603321248721,-0.0643072185390409,-0.5614725332098259,1.7904993311157413,0.24312021132916567,0.3704771451627923,-0.4549602409171639,0.07959447631620553,-0.033498692912770314,0.559524197978614,0.3155843820404044,-0.9127633793157102,-0.3889044538221332,0.0
2.273955398981281,-0.4501916675152946,0.005284899339786445,0.048546350082891834,-0.20110672336287588,0.73462211627728,-0.03875798056335243,-0.9205638383348032,-0.3552789480950027,1.147929214019345,-0.31005649119348616,0.05347982371626461,0.3507980789566947,0.0
-0.23811906623990098,-0.06676876871284734,-1.9409952605970853,-1.8297744189481993,0.5661133747892492,0.7713784803191546,-0.3954194777597493,-0.41103573651453607,0.9603924093726601,-0.08798547823263055,0.33550177112124,0.35644185101843107,-0.22124908549296085,0.0
-1.1962291749805245,0.2630085706045022,0.23346868467014475,-2.123601332548211,-2.0322825178265447,1.340915063590139,0.13621124544667357,0.2555001085301788,-0.1803102448601893,0.36496478890413364,-0.021138803911797455,0.15205634135808246,0.43011768550279084,0.0
-0.10703898085175945,1.6122644080563275,0.6773505723435754,-1.5424902788381272,-0.9164769065853372,-0.44287272743254225,0.4227764083127067,0.9082146556925558,0.03733262801525049,-0.6712583792062942,0.6592370546908335,-0.5381245933875732,-0.013312235469088773,0.0
0.6202715130955523,0.01501502921521776,-0.45410780791721733,-0.29809266055215583,-0.47192174835104017,-0.5262561055748429,-1.0777944082280158,0.7676657931267253,-0.40917365393661276,-0.4263218041655412,0.6403536016152069,0.30738088260040886,-0.2879770597329766,1.0
1.0877421265778127,-0.385877895172132,-0.809127872984999,-0.0038917428258376935,0.009577166488539873,0.7144536855650074,-0.10482445237956607,-1.4009569430741593,-0.7858688040245081,0.6774751817776595,-0.2203296096987375,0.041919228368989564,0.38864242829292994,0.0
-0.1925183819649281,2.123296034831666,-1.1556542728012131,-0.47574723460698815,0.8371477846684343,-0.09695741833122282,0.6490243619987291,-0.778657359310716,-0.2943488052215564,-0.38385770393740704,-0.43827397175335225,0.15808980869650727,-1.013431772257237,3.0
0.8023631904122652,1.3387929325643064,1.0194261611629374,-0.5958572712690511,-0.3373055630992655,0.8112071343722255,-0.6150809724984797,-0.14775914689173641,0.6852899870381213,-0.005441939768475915,0.26873165252084563,0.0232625775959224,-0.06383431277805868,0.0
2.3301571935885557,-0.31013943225098384,-0.07150472093570469,-0.0558474087605875,0.22137945477685872,0.04868701752622015,-0.3982020595331939,-0.011752211445734684,-0.4032685225329855,-0.40433397596315035,-0.22553882467570097,-0.151654676100809,0.5063990628934497,0.0
-2.162893883627842,-1.674323186874442,1.0909273121842076,-0.2775393135179478,-0.2247232559681286,0.8494979235946432,0.95525800906886,0.09978267304280908,0.8262779118526382,-0.3683692130140832,-0.06747253638359219,-0.7383720367412213,0.2604170159244492,4.0
-0.6066051816826294,-0.6457621937174131,0.001298282672788073,2.0005145509843167,-1.0584365124448105,-0.8038585052665674,-0.6870881745164216,-0.8213301345661878,-0.3659841141635548,-0.3074257725983437,-0.01409422156483553,-0.7420635358136424,-0.08696558404259691,2.0
0.40594457082613555,-0.9932374891920316,0.48878999949197016,-0.02775986210847968,-0.39401028140583705,-0.30147259621874245,-0.24729214495482132,-0.06247121533935357,0.574083038325309,0.4680676700802514,-1.2254147392247665,-0.9311772052302971,-0.8232945970219825,2.0
-0.9411948743451679,-0.8948263356284171,0.16869763804774468,-0.5624643278701379,0.13021663630205021,0.9380621652411937,-0.5526447543008967,0.31066949368862173,-1.1955528488254035,0.05681868613418875,-0.9630911749209221,-0.25362132954449434,-0.6031384232275638,2.0
1.8219637706547382,0.13278066641054537,1.5450500471373714,0.4827558608559392,0.6886917515334674,-1.300092740867064,-0.760686840290833,-0.2669407356948629,0.05505366132781184,0.20308962924536827,0.6653029092811564,0.49897472304120205,-0.10403103202566194,1.0
2.0533367342300415,-0.9088678211788197,0.5987313754073196,-0.6563139726335406,-0.0986924594361404,-0.1749768588142546,-0.22522140792030654,-0.525756072249714,-0.6387122195486308,-0.6671186672383914,-0.10014394856488562,-0.027945752575696065,0.5406226125964239,0.0
-1.3792683738627256,-0.5919890318040281,0.6482239971976345,-0.3305864579049517,0.2578315267314231,-0.6706541778680855,0.3077785501924968,0.6079048736864423,0.9406596914496232,-0.5656136092203581,0.05575928182459955,0.5412675384909056,0.38088242930867466,1.0
-1.2937151722599185,0.5391281694206356,1.6296307118599958,-0.49085263749707797,-0.624916611818184,0.09195946159224717,0.3235472726754081,0.9097433987941576,0.3427173002859012,-0.9292884663683753,0.7937969590789198,0.14198217713234912,-0.2023309616601558,0.0
-1.9056348757468036,-0.5111137668160135,-0.4545320207246804,1.3448426143109202,0.4577795746982782,-1.0725788906496645,-0.8710435088692238,-1.245320426962451,-0.5373583589429702,-0.0746346288869721,0.11097177137800762,-0.27184701214907936,0.25161189684054674,2.0
-0.5663475428227797,-1.4397454361032533,-0.3694507812881746,-1.9144282649574829,-1.510235489072503,1.637442661335266,-0.19406384273276533,0.2662134482733387,0.8801335761439557,0.6006454537323667,0.393736259138439,0.09721132488026044,-0.48705182140717407,0.0
0.12615170794184982,0.11100790602627827,0.08915403656949489,-1.3929878094252386,1.5075382600247418,0.3708490563468254,-0.44881096594205305,-0.10338766344645622,0.1406073044565703,-0.39880931706080003,0.2976285710274347,-0.6293599009420872,0.19066894977509175,1.0
-0.6437045283765408,1.09682241622347,1.9780854017520482,-0.686818459166578,-0.5690905746912778,-0.6748076896318559,0.30920139057733353,0.9586719652661118,-0.5640169061024518,0.8918515892459923,0.666847565111145,-0.07051512664872486,0.16250696298274314,0.0
-0.4313855387073362,1.8348811213642109,-0.27828829299451996,-0.9380355386318696,-0.49005808220693614,0.4536069638531439,0.7113876787882883,-0.22399378670425862,-0.4172144441332313,0.8872140754016947,-0.08810085754817876,-0.02930474677190517,0.6338158735750616,0.0
1.7213884040514233,-0.23311899302410996,0.5478977961198995,0.09542749651141054,-0.6731572337273739,0.2701656833143605,-0.050552069210014525,-1.6157110090162226,-0.8601359576859591,0.714576171199945,-0.13114779241430774,0.07217999744145989,0.3893888108674608,0.0
0.5536933818439882,1.251444121659536,0.7841707031540991,-0.9822290236032385,0.6342067942335939,-0.5510297800889018,0.6795408945474829,0.08336610670360417,-0.055440291343981055,-0.42896091508985335,0.6009999344786499,-0.5703512138547213,0.0924688484441476,1.0
0.1455687359223453,-0.5861669946137937,0.0063611823611302715,-1.0237320466299786,-1.3645620808531125,0.5664577805981175,-0.1712435877282079,-0.7510066565173976,0.28157062674588285,0.6124326564138998,0.48784566830404363,0.0018704465272205983,-0.407163788372516,0.0
-1.6496374792883006,-0.601441415261662,-1.3097579449690386,1.9742842912555496,0.09986199290231172,0.3113677640549791,-1.1570205425814006,0.6161830075552971,0.3532519105987274,0.18189123773715005,-0.15509792225521302,-0.29198706168620114,0.012926432056890258,2.0
2.1675756192300306,0.5066790662050217,0.1776662840452164,0.11334493730489777,0.3098027524249092,-0.00033207481832361885,-0.5614572824638496,0.13758483066999427,-0.3069540792689085,-0.2700449631184356,-0.21855342040138281,-0.2910927700068997,0.5571732319861261,0.0
-1.3378614995575633,-1.2803921686858821,0.06949711481654133,0.09777489221664598,-0.36826068770569886,0.14457431128455067,0.06104469057304705,-0.6658648444053085,0.7473289686625746,0.7261777766595569,-0.04556218175381288,0.7259709437973207,0.10147485546648466,3.0
2.940948701319775,-0.9229071746779118,0.4464222985702161,0.14878563864778688,0.6013762394619901,-0.27255448013414607,-0.16570161367655456,-0.5325801616248824,-0.15444021661938587,-0.37528644388064614,0.3893244494823862,-0.47776471551811817,-0.2415638158883614,0.0
0.12234855686838172,0.3183684750470376,0.7551139265542057,-1.3372289380368134,0.6971194107125835,-0.9239763132490073,-0.91384889018921,0.3534134968956507,0.3597452727623687,0.19776431580502857,0.6868884594662401,0.4408875757304087,0.0010520558169726524,2.0
-2.747362059282221,-0.4420352347044896,-1.18751952027239,1.3975257605755789,1.9954392977690942,1.6948313545397755,-0.24890794909182629,0.13448939886572664,-0.09830405275401538,-1.0583335322446252,0.5244623135210638,-0.24264955844141808,-0.4287387189945549,4.0
-2.5453195168756753,0.4840295464384925,1.767573575406228,-0.010438433513006714,0.7253381251468825,0.13782210113719445,0.786702488575169,-1.221249981375153,0.5660573366322069,0.521629669100866,-0.9048061264570977,0.03384331905608383,-0.6645703154597002,2.0
0.37927410959642344,-0.6296718453415423,-0.032395765025749715,-0.5603578641403444,-0.6068165436128912,-0.24035165749765378,-0.8022792734332472,0.739646742334699,-0.624404177310748,0.7788609904732463,0.6165711910897325,-0.16820853512778658,-0.315703455708103,0.0
1.0905890237690932,0.19383824376320166,0.2691792583961364,-0.5010915211626271,0.08758271863046774,-0.721785533636686,0.3382766688251124,1.1852540597546954,-0.07491135890043538,0.0007851201495157473,0.6301583362201444,0.5038588464193776,-0.11964592435143379,0.0
1.530088989657014,0.12148881000647974,-0.2831099308390891,-0.39387785662602304,-0.1279545617968016,0.2705822627709584,-0.5198481437722074,0.6561978527388549,0.06426086755329305,0.06770629994358922,0.29082314996166025,-0.8498463624064946,-0.40513800166461683,0.0
-0.5947823925826237,0.48683600522732007,1.2381781249252883,-0.9754347961844827,-0.6709938113220753,-0.1121702902362249,0.3031850246017621,1.3207123294419227,-0.7125503594327371,0.8418658991413397,0.14948826203610577,0.3147984367160096,0.661111889048869,1.0
0.8446778851211225,1.7845574481679933,-0.5617859670125918,0.9626045329168421,-0.4582315618439453,0.8542684142535727,-0.8799914263546772,-0.21413645559978742,0.2989645429344353,-0.41409447707494684,0.38302422935581115,-0.1308215517552156,-0.3994376258352695,0.0
0.08749173893137702,-2.571872300394439,1.0023133131307047,0.815605991166358,-0.12287235438184424,0.39972223541482255,-0.35359937826456866,-0.06898733625039702,0.8257300928355277,-0.5673389250711933,-0.23423822493368365,-0.21093397437817477,-0.21047597353625871,2.0
-2.5117179766012887,-1.0762633955273497,1.0649086069341245,-0.0643140133144724,1.4115341859979567,0.49900657032751083,0.300304627488828,0.6260121125248319,1.2471811131766872,-0.7831832462179322,0.040087366547588266,0.4980458490936418,0.4238913734347619,2.0
0.04533762616166534,-0.6042182425956226,-0.44019091654795145,-1.2100893108945847,-1.5565099611044262,-0.024863955662629417,-0.2405814587401658,-0.5001865135076005,1.2089087067678936,0.9170892289795344,-0.30476788553226575,-0.30796588741630393,0.044493679115317375,1.0
2.9508770307479715,-1.0659270749748786,0.6278947591196473,-0.5174397519101049,0.7340508672551154,-0.003314794736717447,-0.14279562858866968,-0.07915843824939767,0.2447091636100204,-0.09654838247773308,0.333857934252785,-0.48536335818327536,-0.21224920442835837,0.0
-2.569438154757147,-0.6664263317938358,1.1029324470688684,-1.9399174758201134,-0.13624155767592488,-1.007698458592071,0.9968434997886128,-1.0975898904988166,-1.3327022564407955,-0.3716989358144738,0.06380202283839864,-0.08500428314728722,-1.0014822927717772,3.0
-0.6403148675930117,-0.31378701821698507,0.034577150431345426,-0.24634117791268434,-1.646974880377389,-0.9323067677566699,-0.7263582114503997,-0.7676088167449034,0.455757167673254,0.9040764171415338,-0.005967411469073869,0.5548795986915038,0.051052068241969506,1.0
0.44046104907423317,-1.3213250466333444,-0.668415239273107,0.9770799255588833,-0.5981062865037805,-0.03310088681486856,-0.6987238682627809,0.2511032665047742,-1.1773341856851776,0.230409249627406,0.4504876402343716,0.0733285840761164,-0.2892502324913911,1.0
-2.603937388205303,-0.7421058384883986,1.0382731106252534,-0.869974355225497,1.1511080485917924,0.9248826077531367,-0.8265485844154166,0.46498921349104694,-0.12776807952605881,0.38784734401194776,-0.21446421656336728,0.07290986125542762,-1.0718252101786556,2.0
-1.1784444974969803,-2.465835662192922,0.5293824733225955,-1.3080877912327702,-0.3689623873300942,-0.7092119570691867,-0.4466953898266397,-0.2885570362341107,0.3239554225822441,0.4416704975924606,0.037513823272425584,0.049547478932469774,0.22300076017990367,3.0
0.7849620801101016,0.8803114814191693,-0.3175149419785163,-0.6057307138901832,0.3253994448471305,0.500832690385833,0.9929752874067176,-0.26660392617863726,0.18603214249610675,1.2405701864200929,0.36967365597084567,-0.34387552682052436,-0.16517275234728326,1.0
2.6018133393320215,-0.6001344070632242,1.2435614234538743,-0.32461531703950486,0.4770296919230514,-0.20241105468571205,-0.1963992480370388,-0.5941500568492555,-0.4452025679064915,-0.33610726986773964,-0.14147850451979505,-0.11923913070217304,0.6025779457691344,0.0
